ra_game_id,title,category,achievements,ra_hashes,status,local_roms,local_releases,dat_entries,dat_games,nointro_db_files,nointro_db_titles,local_sources,other_platform_db
1972,Armana no Kiseki,Official,26,4,local,3,Armana no Kiseki (Japan),3,Armana no Kiseki (Japan),0,,"nointro,retroachievements",
2109,~Hack~ Tonkachi Mario,Hack,46,1,unmatched,0,,0,,0,,,
5094,Eggerland,Official,20,1,local,1,Egger Land (Japan),3,Egger Land (Japan),0,,nointro,
5183,Super Mario Bros. 2,Official,91,1,local,1,Super Mario Bros. 2 (Japan) (En),3,Super Mario Bros. 2 (Japan) (En),0,,"nointro,retroachievements",
5550,Smash Ping Pong,Official,11,3,local,1,Smash Ping Pong (Japan),3,Smash Ping Pong (Japan),0,,"nointro,retroachievements",
5782,Ai Senshi Nicol,Official,27,2,local,1,Ai Senshi Nicol (Japan),3,Ai Senshi Nicol (Japan),0,,"nointro,retroachievements",
5819,Yume Koujou: Doki Doki Panikku,Official,48,1,local,1,Yume Koujou - Doki Doki Panic (Japan) (DV 2),3,Yume Koujou - Doki Doki Panic (Japan) (DV 2),0,,"nointro,retroachievements",
5823,Druid: Kyoufu no Tobira,Official,30,1,local,1,Druid - Kyoufu no Tobira (Japan),3,Druid - Kyoufu no Tobira (Japan),0,,nointro,
5824,Fuuun Shourin Ken,Official,33,2,local,1,Fuuun Shourin Ken (Japan),3,Fuuun Shourin Ken (Japan),1,Fuuun Shourin Ken (Japan),nointro,
5862,Fire Rock,Official,64,2,local,1,Fire Rock (Japan),3,Fire Rock (Japan),1,Fire Rock (Japan),nointro,
5968,~Prototype~ Aliens: Alien 2,Prototype,24,1,local,1,Aliens - Alien 2 (Japan) (Proto) (1986-12-15),3,Aliens - Alien 2 (Japan) (Proto) (1986-12-15),0,,"nointro,retroachievements",
6962,The Legend of Zelda 2: Link no Bouken,Official,53,2,local,1,Link no Bouken - The Legend of Zelda 2 (Japan) (Rev 1),3,Link no Bouken - The Legend of Zelda 2 (Japan) (Rev 1),0,,nointro,
7187,Final Commando: Akai Yousai,Official,75,1,local,1,Final Command - Akai Yousai (Japan),3,Final Command - Akai Yousai (Japan),0,,"nointro,retroachievements",
8600,Putt Putt Golf,Official,54,2,local,1,Putt Putt Golf (Japan),3,Putt Putt Golf (Japan),1,Putt Putt Golf (Japan),nointro,
8737,Esper Dream,Official,29,2,local,2,Esper Dream (Japan) (Rev 1) (Disk Writer),3,Esper Dream (Japan) (Rev 1) (Disk Writer),0,,"nointro,retroachievements",
8752,Kalin no Tsurugi,Official,43,2,local,1,Kalin no Tsurugi (Japan),3,Kalin no Tsurugi (Japan),0,,"nointro,retroachievements",
9148,Super Mario Bros.,Official,62,1,local,1,Super Mario Bros. (Japan) (En),3,Super Mario Bros. (Japan) (En),0,,"nointro,retroachievements",
9181,Zelda no Densetsu: The Hyrule Fantasy,Official,103,2,local,1,Zelda no Densetsu - The Hyrule Fantasy (Japan) (Rev 1),3,Zelda no Densetsu - The Hyrule Fantasy (Japan) (Rev 1),0,,nointro,
12852,All Night Nippon Super Mario Bros.,Official,105,1,local,1,All Night Nippon Super Mario Bros. (Japan) (En) (Promo),3,All Night Nippon Super Mario Bros. (Japan) (En) (Promo),0,,"nointro,retroachievements",
12855,Nazo no Murasame Jou,Official,26,3,local,3,Nazo no Murasamejou (Japan),3,Nazo no Murasamejou (Japan),0,,"nointro,retroachievements",
13713,Electrician,Official,23,1,local,1,Electrician (Japan),3,Electrician (Japan),0,,nointro,
14019,Dead Zone,Official,9,1,unmatched,0,,0,,0,,,
14078,Otocky,Official,29,1,local,1,Otocky (Japan),3,Otocky (Japan),0,,nointro,
14084,Knight Move,Official,18,2,local,2,"Knight Move (Japan) (Rev 1) (Disk Writer),Knight Move (Japan)",6,"Knight Move (Japan) (Rev 1) (Disk Writer),Knight Move (Japan)",0,,nointro,
14086,Idol Hotline: Nakayama Miho no Tokimeki High School,Official,8,4,nointro_db_only,0,,0,,3,"Idol Hotline - Nakayama Miho no Tokimeki High School (Japan) (DV 10),Idol Hotline - Nakayama Miho no Tokimeki High School (Japan) (DV 4),Idol Hotline - Nakayama Miho no Tokimeki High School (Japan) (DV 6)",,
14319,~Unlicensed~ Sexy Invaders,Unlicensed,17,2,local,2,Sexy Invaders (Japan) (Unl),3,Sexy Invaders (Japan) (Unl),1,Sexy Invaders (Japan) (Unl),"nointro,retroachievements",
14870,Clu Clu Land: Welcome to New Clu Clu Land,Official,29,1,local_other_platform,0,,0,,0,,,nes
14924,The Monitor Puzzle Kineko: Kinetic Connection,Official,30,2,local,2,"Monitor Puzzle Kineko, The - Kinetic Connection (Japan)",3,"Monitor Puzzle Kineko, The - Kinetic Connection (Japan)",1,"Monitor Puzzle Kineko, The - Kinetic Connection (Japan)","nointro,retroachievements",
14926,The Monitor Puzzle Kineko: Kinetic Connection II,Official,30,1,local,1,"Monitor Puzzle Kineko, The - Kinetic Connection II (Japan) (Disk Writer)",3,"Monitor Puzzle Kineko, The - Kinetic Connection II (Japan) (Disk Writer)",0,,"nointro,retroachievements",
22889,Aspic: Mahebiou no Noroi,Official,21,2,local,2,Aspic - Majaou no Noroi (Japan),3,Aspic - Majaou no Noroi (Japan),0,,"nointro,retroachievements",
24128,Moon Ball Magic,Official,24,1,local,1,Moonball Magic (Japan) (Disk Writer),3,Moonball Magic (Japan) (Disk Writer),0,,"nointro,retroachievements",
24823,~Unlicensed~ Fairy Pinball: Yousei Tachi no Pinball,Unlicensed,8,1,local,1,Fairy Pinball - Yousei Tachi no Pinball (Japan) (Unl),3,Fairy Pinball - Yousei Tachi no Pinball (Japan) (Unl),0,,"nointro,retroachievements",
25285,Othello,Official,18,1,local,1,Othello (Japan) (DV 2),3,Othello (Japan) (DV 2),0,,nointro,
33409,Kinnikuman: Kinnikusei Oui Soudatsusen,Official,13,1,local,1,Kinnikuman - Kinnikusei Oui Soudatsusen (Japan) (Rev 1) (Disk Writer),3,Kinnikuman - Kinnikusei Oui Soudatsusen (Japan) (Rev 1) (Disk Writer),0,,"nointro,retroachievements",
36892,Akumajou Dracula,Official,61,4,local,3,"Akumajou Dracula (Japan) (Rev 2) (Disk Writer),Akumajou Dracula (Japan),Akumajou Dracula (Japan) (Rev 1)",9,"Akumajou Dracula (Japan) (Rev 2) (Disk Writer),Akumajou Dracula (Japan),Akumajou Dracula (Japan) (Rev 1)",0,,nointro,
38070,Dracula II: Noroi no Fuuin,Official,36,2,local,1,Dracula II - Noroi no Fuuin (Japan),3,Dracula II - Noroi no Fuuin (Japan),0,,nointro,
38072,Pac-Man,Official,19,1,local,1,Pac-Man (Japan) (Disk Writer),3,Pac-Man (Japan) (Disk Writer),0,,nointro,
38073,Metroid,Official,27,3,local,3,"Metroid (Japan) (Rev 1),Metroid (Japan) (Rev 3),Metroid (Japan) (Rev 2)",9,"Metroid (Japan) (Rev 1),Metroid (Japan) (Rev 3),Metroid (Japan) (Rev 2)",0,,nointro,
